,,,Station Name:  ,,,,,,,,,,,,,,,,,,,,,,,,,,,,,,,,,,,,,,,,,,,,,,,,,,,,,,,,,,,,,,,,,,,,,,,,,,,,,,,,,,,,,
,,,Site ID:0211_6NB0150  ,,,,,,,,,,,,,,,,,,,,,,,,,,,,,,,,,,,,,,,,,,,,,,,,,,,,,,,,,,,,,,,,,,,,,,,,,,,,,,,,,,,,,
,,,Station Num:102001721821  ,,,,,,,,,,,,,,,,,,,,,,,,,,,,,,,,,,,,,,,,,,,,,,,,,,,,,,,,,,,,,,,,,,,,,,,,,,,,,,,,,,,,,
,,,Description:  ,,,,,,,,,,,,,,,,,,,,,,,,,,,,,,,,,,,,,,,,,,,,,,,,,,,,,,,,,,,,,,,,,,,,,,,,,,,,,,,,,,,,,
,,,City:  ,,,,,,,,,,,,,,,,,,,,,,,,,,,,,,,,,,,,,,,,,,,,,,,,,,,,,,,,,,,,,,,,,,,,,,,,,,,,,,,,,,,,,
,,,County:  ,,,,,,,,,,,,,,,,,,,,,,,,,,,,,,,,,,,,,,,,,,,,,,,,,,,,,,,,,,,,,,,,,,,,,,,,,,,,,,,,,,,,,
,,,Start Date/Time:06-08-2015 11:00,,,,,,,,,,,,,,,,,,,,,,,,,,,,,,,,,,,,,,,,,,,,,,,,,,,,,,,,,,,,,,,,,,,,,,,,,,,,,,,,,,,,,
,,,End Date/Time:06-16-2015 05:33,,,,,,,,,,,,,,,,,,,,,,,,,,,,,,,,,,,,,,,,,,,,,,,,,,,,,,,,,,,,,,,,,,,,,,,,,,,,,,,,,,,,,
,,,,,,,,,,,,,,,,,,,,,,,,,,,,,,,,,,,,,,,,,,,,,,,,,,,,,,,,,,,,,,,,,,,,,,,,,,,,,,,,,,,,,,,,
,Date,Time,Array,Flow,Stat,Road- Temp¡ãF,Vehicle No,Class,Speed- mph,LPL- Feet,#- Axles,WB1- Feet,WB2- Feet,WB3- Feet,WB4- Feet,WB5- Feet,WB6- Feet,WB7- Feet,WB8- Feet,WB9- Feet,WB10- Feet,WB11- Feet,WB12- Feet,WB13- Feet,WB14- Feet,WB15- Feet,WB16- Feet,WB17- Feet,WB18- Feet,WB19- Feet,WB20- Feet,WB21- Feet,WB22- Feet,WB23- Feet,WB24- Feet,WBL,AW1- Kips,AW2- Kips,AW3- Kips,AW4- Kips,AW5- Kips,AW6- Kips,AW7- Kips,AW8- Kips,AW9- Kips,AW10- Kips,AW11- Kips,AW12- Kips,AW13- Kips,AW14- Kips,AW15- Kips,AW16- Kips,AW17- Kips,AW18- Kips,AW19- Kips,AW20- Kips,AW21- Kips,AW22- Kips,AW23- Kips,AW24- Kips,AW25- Kips,Gross- Kips,Axle 1- Esal,Axle 2- Esal,Axle 3- Esal,Axle 4- Esal,Axle 5- Esal,Axle 6- Esal,Axle 7- Esal,Axle 8- Esal,Axle 9- Esal,Axle 10- Esal,Axle 11- Esal,Axle 12- Esal,Axle 13- Esal,Axle 14- Esal,Axle 15- Esal,Axle 16- Esal,Axle 17- Esal,Axle 18- Esal,Axle 19- Esal,Axle 20- Esal,Axle 21- Esal,Axle 22- Esal,Axle 23- Esal,Axle 24- Esal,Axle 25- Esal,Gross- Esal
,06-16-2015,00:00:11, Lane 1 ,Fwd,FF,,1,3,60,,2,11.56,,,,,,,,,,,,,,,,,,,,,,,,11.56,-,,,,,,,,,,,,,,,,,,,,,,,,,-,-,,,,,,,,,,,,,,,,,,,,,,,,,
,06-16-2015,00:04:04, Lane 1 ,Fwd,FF,,2,2,50,,2,8.84,,,,,,,,,,,,,,,,,,,,,,,,8.84,-,,,,,,,,,,,,,,,,,,,,,,,,,-,-,,,,,,,,,,,,,,,,,,,,,,,,,
,06-16-2015,00:05:37, Lane 1 ,Fwd,FF,,3,2,55,,2,9.44,,,,,,,,,,,,,,,,,,,,,,,,9.44,-,,,,,,,,,,,,,,,,,,,,,,,,,-,-,,,,,,,,,,,,,,,,,,,,,,,,,
,06-16-2015,00:07:11, Lane 1 ,Fwd,FF,,4,2,61,,2,8.89,,,,,,,,,,,,,,,,,,,,,,,,8.89,-,,,,,,,,,,,,,,,,,,,,,,,,,-,-,,,,,,,,,,,,,,,,,,,,,,,,,
,06-16-2015,00:08:13, Lane 1 ,Fwd,FF,,5,2,62,,2,9.38,,,,,,,,,,,,,,,,,,,,,,,,9.38,-,,,,,,,,,,,,,,,,,,,,,,,,,-,-,,,,,,,,,,,,,,,,,,,,,,,,,
,06-16-2015,00:08:44, Lane 1 ,Fwd,FF,,6,2,62,,2,9.46,,,,,,,,,,,,,,,,,,,,,,,,9.46,-,,,,,,,,,,,,,,,,,,,,,,,,,-,-,,,,,,,,,,,,,,,,,,,,,,,,,
,06-16-2015,00:10:03, Lane 1 ,Fwd,FF,,7,2,48,,2,8.98,,,,,,,,,,,,,,,,,,,,,,,,8.98,-,,,,,,,,,,,,,,,,,,,,,,,,,-,-,,,,,,,,,,,,,,,,,,,,,,,,,
,06-16-2015,00:10:10, Lane 1 ,Fwd,FF,,8,2,55,,2,8.96,,,,,,,,,,,,,,,,,,,,,,,,8.96,-,,,,,,,,,,,,,,,,,,,,,,,,,-,-,,,,,,,,,,,,,,,,,,,,,,,,,
,06-16-2015,00:10:11, Lane 1 ,Fwd,FF,,9,2,54,,2,8.98,,,,,,,,,,,,,,,,,,,,,,,,8.98,-,,,,,,,,,,,,,,,,,,,,,,,,,-,-,,,,,,,,,,,,,,,,,,,,,,,,,
,06-16-2015,00:10:49, Lane 1 ,Fwd,FF,,10,2,68,,2,9.60,,,,,,,,,,,,,,,,,,,,,,,,9.60,-,,,,,,,,,,,,,,,,,,,,,,,,,-,-,,,,,,,,,,,,,,,,,,,,,,,,,
,06-16-2015,00:11:01, Lane 1 ,Fwd,FF,,11,5,58,,2,19.20,,,,,,,,,,,,,,,,,,,,,,,,19.20,-,,,,,,,,,,,,,,,,,,,,,,,,,-,-,,,,,,,,,,,,,,,,,,,,,,,,,
,06-16-2015,00:19:48, Lane 1 ,Fwd,FF,,12,9,67,,5,18.00,4.33,32.56,4.23,,,,,,,,,,,,,,,,,,,,,59.12,-,,,,,,,,,,,,,,,,,,,,,,,,,-,-,,,,,,,,,,,,,,,,,,,,,,,,,
,06-16-2015,00:20:16, Lane 1 ,Fwd,FF,,13,2,61,,2,9.07,,,,,,,,,,,,,,,,,,,,,,,,9.07,-,,,,,,,,,,,,,,,,,,,,,,,,,-,-,,,,,,,,,,,,,,,,,,,,,,,,,
,06-16-2015,00:25:41, Lane 1 ,Fwd,FF,,14,2,56,,2,9.53,,,,,,,,,,,,,,,,,,,,,,,,9.53,-,,,,,,,,,,,,,,,,,,,,,,,,,-,-,,,,,,,,,,,,,,,,,,,,,,,,,
,06-16-2015,00:29:22, Lane 1 ,Fwd,FF,,15,2,70,,2,9.33,,,,,,,,,,,,,,,,,,,,,,,,9.33,-,,,,,,,,,,,,,,,,,,,,,,,,,-,-,,,,,,,,,,,,,,,,,,,,,,,,,
,06-16-2015,00:29:23, Lane 1 ,Fwd,FF,,16,2,70,,2,9.33,,,,,,,,,,,,,,,,,,,,,,,,9.33,-,,,,,,,,,,,,,,,,,,,,,,,,,-,-,,,,,,,,,,,,,,,,,,,,,,,,,
,06-16-2015,00:31:27, Lane 1 ,Fwd,FF,,17,3,56,,2,11.84,,,,,,,,,,,,,,,,,,,,,,,,11.84,-,,,,,,,,,,,,,,,,,,,,,,,,,-,-,,,,,,,,,,,,,,,,,,,,,,,,,
,06-16-2015,00:34:57, Lane 1 ,Fwd,FF,,18,3,64,,2,10.68,,,,,,,,,,,,,,,,,,,,,,,,10.68,-,,,,,,,,,,,,,,,,,,,,,,,,,-,-,,,,,,,,,,,,,,,,,,,,,,,,,
,06-16-2015,00:36:33, Lane 1 ,Fwd,FF,,19,2,60,,2,8.59,,,,,,,,,,,,,,,,,,,,,,,,8.59,-,,,,,,,,,,,,,,,,,,,,,,,,,-,-,,,,,,,,,,,,,,,,,,,,,,,,,
,06-16-2015,00:40:34, Lane 1 ,Fwd,FF,,20,1,66,,2,5.28,,,,,,,,,,,,,,,,,,,,,,,,5.28,-,,,,,,,,,,,,,,,,,,,,,,,,,-,-,,,,,,,,,,,,,,,,,,,,,,,,,
,06-16-2015,00:50:24, Lane 1 ,Fwd,FF,,21,3,62,,2,11.82,,,,,,,,,,,,,,,,,,,,,,,,11.82,-,,,,,,,,,,,,,,,,,,,,,,,,,-,-,,,,,,,,,,,,,,,,,,,,,,,,,
,06-16-2015,00:53:59, Lane 1 ,Fwd,FF,,22,3,55,,2,11.76,,,,,,,,,,,,,,,,,,,,,,,,11.76,-,,,,,,,,,,,,,,,,,,,,,,,,,-,-,,,,,,,,,,,,,,,,,,,,,,,,,
,06-16-2015,00:54:44, Lane 1 ,Fwd,FF,,23,2,57,,2,9.33,,,,,,,,,,,,,,,,,,,,,,,,9.33,-,,,,,,,,,,,,,,,,,,,,,,,,,-,-,,,,,,,,,,,,,,,,,,,,,,,,,
,06-16-2015,01:01:08, Lane 1 ,Fwd,FF,,1,5,57,,2,15.00,,,,,,,,,,,,,,,,,,,,,,,,15.00,-,,,,,,,,,,,,,,,,,,,,,,,,,-,-,,,,,,,,,,,,,,,,,,,,,,,,,
,06-16-2015,01:05:37, Lane 1 ,Fwd,FF,,2,2,63,,2,9.03,,,,,,,,,,,,,,,,,,,,,,,,9.03,-,,,,,,,,,,,,,,,,,,,,,,,,,-,-,,,,,,,,,,,,,,,,,,,,,,,,,
,06-16-2015,01:16:07, Lane 1 ,Fwd,FF,,3,2,69,,2,9.18,,,,,,,,,,,,,,,,,,,,,,,,9.18,-,,,,,,,,,,,,,,,,,,,,,,,,,-,-,,,,,,,,,,,,,,,,,,,,,,,,,
,06-16-2015,01:16:24, Lane 1 ,Fwd,FF,,4,2,49,,2,8.53,,,,,,,,,,,,,,,,,,,,,,,,8.53,-,,,,,,,,,,,,,,,,,,,,,,,,,-,-,,,,,,,,,,,,,,,,,,,,,,,,,
,06-16-2015,01:18:40, Lane 1 ,Fwd,FF,,5,9,65,,5,17.05,4.19,33.81,4.00,,,,,,,,,,,,,,,,,,,,,59.05,-,,,,,,,,,,,,,,,,,,,,,,,,,-,-,,,,,,,,,,,,,,,,,,,,,,,,,
,06-16-2015,01:25:45, Lane 1 ,Fwd,FF,,6,2,53,,2,9.23,,,,,,,,,,,,,,,,,,,,,,,,9.23,-,,,,,,,,,,,,,,,,,,,,,,,,,-,-,,,,,,,,,,,,,,,,,,,,,,,,,
,06-16-2015,01:31:03, Lane 1 ,Fwd,FF,,7,2,53,,2,9.39,,,,,,,,,,,,,,,,,,,,,,,,9.39,-,,,,,,,,,,,,,,,,,,,,,,,,,-,-,,,,,,,,,,,,,,,,,,,,,,,,,
,06-16-2015,01:35:19, Lane 1 ,Fwd,FF,,8,2,60,,2,9.00,,,,,,,,,,,,,,,,,,,,,,,,9.00,-,,,,,,,,,,,,,,,,,,,,,,,,,-,-,,,,,,,,,,,,,,,,,,,,,,,,,
,06-16-2015,01:40:13, Lane 1 ,Fwd,FF,,9,2,68,,2,8.83,,,,,,,,,,,,,,,,,,,,,,,,8.83,-,,,,,,,,,,,,,,,,,,,,,,,,,-,-,,,,,,,,,,,,,,,,,,,,,,,,,
,06-16-2015,01:40:38, Lane 1 ,Rev,FF,,10,2,60,,4,4.50,28.23,10.50,,,,,,,,,,,,,,,,,,,,,,43.23,-,,,,,,,,,,,,,,,,,,,,,,,,,-,-,,,,,,,,,,,,,,,,,,,,,,,,,
,06-16-2015,01:46:26, Lane 1 ,Fwd,FF,,11,2,63,,2,8.77,,,,,,,,,,,,,,,,,,,,,,,,8.77,-,,,,,,,,,,,,,,,,,,,,,,,,,-,-,,,,,,,,,,,,,,,,,,,,,,,,,
,06-16-2015,01:58:35, Lane 1 ,Fwd,FF,,12,2,61,,2,8.78,,,,,,,,,,,,,,,,,,,,,,,,8.78,-,,,,,,,,,,,,,,,,,,,,,,,,,-,-,,,,,,,,,,,,,,,,,,,,,,,,,
,06-16-2015,02:05:29, Lane 1 ,Fwd,FF,,1,9,63,,5,18.69,4.30,30.87,10.08,,,,,,,,,,,,,,,,,,,,,63.94,-,,,,,,,,,,,,,,,,,,,,,,,,,-,-,,,,,,,,,,,,,,,,,,,,,,,,,
,06-16-2015,02:05:40, Lane 1 ,Fwd,FF,,2,9,62,,5,18.59,4.42,30.68,10.10,,,,,,,,,,,,,,,,,,,,,63.79,-,,,,,,,,,,,,,,,,,,,,,,,,,-,-,,,,,,,,,,,,,,,,,,,,,,,,,
,06-16-2015,02:10:47, Lane 1 ,Fwd,FF,,3,3,58,,2,11.75,,,,,,,,,,,,,,,,,,,,,,,,11.75,-,,,,,,,,,,,,,,,,,,,,,,,,,-,-,,,,,,,,,,,,,,,,,,,,,,,,,
,06-16-2015,02:12:15, Lane 1 ,Fwd,FF,,4,3,54,,2,10.42,,,,,,,,,,,,,,,,,,,,,,,,10.42,-,,,,,,,,,,,,,,,,,,,,,,,,,-,-,,,,,,,,,,,,,,,,,,,,,,,,,
,06-16-2015,02:18:58, Lane 1 ,Fwd,FF,,5,3,60,,2,12.09,,,,,,,,,,,,,,,,,,,,,,,,12.09,-,,,,,,,,,,,,,,,,,,,,,,,,,-,-,,,,,,,,,,,,,,,,,,,,,,,,,
,06-16-2015,02:21:11, Lane 1 ,Fwd,FF,,6,3,58,,2,11.49,,,,,,,,,,,,,,,,,,,,,,,,11.49,-,,,,,,,,,,,,,,,,,,,,,,,,,-,-,,,,,,,,,,,,,,,,,,,,,,,,,
,06-16-2015,02:22:24, Lane 1 ,Fwd,FF,,7,2,58,,2,7.75,,,,,,,,,,,,,,,,,,,,,,,,7.75,-,,,,,,,,,,,,,,,,,,,,,,,,,-,-,,,,,,,,,,,,,,,,,,,,,,,,,
,06-16-2015,02:30:56, Lane 1 ,Fwd,FF,,8,2,58,,2,9.17,,,,,,,,,,,,,,,,,,,,,,,,9.17,-,,,,,,,,,,,,,,,,,,,,,,,,,-,-,,,,,,,,,,,,,,,,,,,,,,,,,
,06-16-2015,02:38:01, Lane 1 ,Fwd,FF,,9,2,52,,2,8.98,,,,,,,,,,,,,,,,,,,,,,,,8.98,-,,,,,,,,,,,,,,,,,,,,,,,,,-,-,,,,,,,,,,,,,,,,,,,,,,,,,
,06-16-2015,02:40:15, Lane 1 ,Fwd,FF,,10,2,60,,2,9.27,,,,,,,,,,,,,,,,,,,,,,,,9.27,-,,,,,,,,,,,,,,,,,,,,,,,,,-,-,,,,,,,,,,,,,,,,,,,,,,,,,
,06-16-2015,02:43:50, Lane 1 ,Fwd,FF,,11,2,58,,2,8.79,,,,,,,,,,,,,,,,,,,,,,,,8.79,-,,,,,,,,,,,,,,,,,,,,,,,,,-,-,,,,,,,,,,,,,,,,,,,,,,,,,
,06-16-2015,02:43:55, Lane 1 ,Fwd,FF,,12,2,64,,2,8.34,,,,,,,,,,,,,,,,,,,,,,,,8.34,-,,,,,,,,,,,,,,,,,,,,,,,,,-,-,,,,,,,,,,,,,,,,,,,,,,,,,
,06-16-2015,02:51:38, Lane 1 ,Fwd,FF,,13,3,66,,3,11.71,13.06,,,,,,,,,,,,,,,,,,,,,,,24.77,-,,,,,,,,,,,,,,,,,,,,,,,,,-,-,,,,,,,,,,,,,,,,,,,,,,,,,
,06-16-2015,02:52:00, Lane 1 ,Fwd,FF,,14,2,54,,2,8.58,,,,,,,,,,,,,,,,,,,,,,,,8.58,-,,,,,,,,,,,,,,,,,,,,,,,,,-,-,,,,,,,,,,,,,,,,,,,,,,,,,
,06-16-2015,02:52:20, Lane 1 ,Fwd,FF,,15,2,57,,2,9.90,,,,,,,,,,,,,,,,,,,,,,,,9.90,-,,,,,,,,,,,,,,,,,,,,,,,,,-,-,,,,,,,,,,,,,,,,,,,,,,,,,
,06-16-2015,02:54:35, Lane 1 ,Fwd,FF,,16,2,55,,2,9.20,,,,,,,,,,,,,,,,,,,,,,,,9.20,-,,,,,,,,,,,,,,,,,,,,,,,,,-,-,,,,,,,,,,,,,,,,,,,,,,,,,
,06-16-2015,02:55:53, Lane 1 ,Fwd,FF,,17,9,56,,5,13.16,4.30,29.47,4.14,,,,,,,,,,,,,,,,,,,,,51.07,-,,,,,,,,,,,,,,,,,,,,,,,,,-,-,,,,,,,,,,,,,,,,,,,,,,,,,
,06-16-2015,02:59:34, Lane 1 ,Fwd,FF,,18,2,62,,2,8.93,,,,,,,,,,,,,,,,,,,,,,,,8.93,-,,,,,,,,,,,,,,,,,,,,,,,,,-,-,,,,,,,,,,,,,,,,,,,,,,,,,
,06-16-2015,03:03:08, Lane 1 ,Fwd,FF,,1,2,60,,2,9.18,,,,,,,,,,,,,,,,,,,,,,,,9.18,-,,,,,,,,,,,,,,,,,,,,,,,,,-,-,,,,,,,,,,,,,,,,,,,,,,,,,
,06-16-2015,03:04:21, Lane 1 ,Fwd,FF,,2,2,60,,2,9.00,,,,,,,,,,,,,,,,,,,,,,,,9.00,-,,,,,,,,,,,,,,,,,,,,,,,,,-,-,,,,,,,,,,,,,,,,,,,,,,,,,
,06-16-2015,03:05:54, Lane 1 ,Fwd,FF,,3,9,60,,5,17.08,4.29,28.91,4.12,,,,,,,,,,,,,,,,,,,,,54.40,-,,,,,,,,,,,,,,,,,,,,,,,,,-,-,,,,,,,,,,,,,,,,,,,,,,,,,
,06-16-2015,03:09:46, Lane 1 ,Fwd,FF,,4,3,56,,2,10.51,,,,,,,,,,,,,,,,,,,,,,,,10.51,-,,,,,,,,,,,,,,,,,,,,,,,,,-,-,,,,,,,,,,,,,,,,,,,,,,,,,
,06-16-2015,03:12:41, Lane 1 ,Fwd,FF,,5,2,63,,2,9.32,,,,,,,,,,,,,,,,,,,,,,,,9.32,-,,,,,,,,,,,,,,,,,,,,,,,,,-,-,,,,,,,,,,,,,,,,,,,,,,,,,
,06-16-2015,03:16:05, Lane 1 ,Fwd,FF,,6,9,61,,5,14.87,4.30,32.15,4.12,,,,,,,,,,,,,,,,,,,,,55.44,-,,,,,,,,,,,,,,,,,,,,,,,,,-,-,,,,,,,,,,,,,,,,,,,,,,,,,
,06-16-2015,03:21:22, Lane 1 ,Fwd,FF,,7,9,63,,5,16.22,4.49,18.96,4.49,,,,,,,,,,,,,,,,,,,,,44.16,-,,,,,,,,,,,,,,,,,,,,,,,,,-,-,,,,,,,,,,,,,,,,,,,,,,,,,
,06-16-2015,03:23:37, Lane 1 ,Fwd,FF,,8,2,62,,2,8.75,,,,,,,,,,,,,,,,,,,,,,,,8.75,-,,,,,,,,,,,,,,,,,,,,,,,,,-,-,,,,,,,,,,,,,,,,,,,,,,,,,
,06-16-2015,03:31:28, Lane 1 ,Fwd,FF,,9,3,62,,2,10.65,,,,,,,,,,,,,,,,,,,,,,,,10.65,-,,,,,,,,,,,,,,,,,,,,,,,,,-,-,,,,,,,,,,,,,,,,,,,,,,,,,
,06-16-2015,03:32:28, Lane 1 ,Fwd,FF,,10,4,70,,2,22.57,,,,,,,,,,,,,,,,,,,,,,,,22.57,-,,,,,,,,,,,,,,,,,,,,,,,,,-,-,,,,,,,,,,,,,,,,,,,,,,,,,
,06-16-2015,03:34:46, Lane 1 ,Fwd,FF,,11,2,81,,2,9.27,,,,,,,,,,,,,,,,,,,,,,,,9.27,-,,,,,,,,,,,,,,,,,,,,,,,,,-,-,,,,,,,,,,,,,,,,,,,,,,,,,
,06-16-2015,03:42:56, Lane 1 ,Fwd,FF,,12,1,59,,2,5.44,,,,,,,,,,,,,,,,,,,,,,,,5.44,-,,,,,,,,,,,,,,,,,,,,,,,,,-,-,,,,,,,,,,,,,,,,,,,,,,,,,
,06-16-2015,03:43:04, Lane 1 ,Fwd,FF,,13,3,62,,2,12.09,,,,,,,,,,,,,,,,,,,,,,,,12.09,-,,,,,,,,,,,,,,,,,,,,,,,,,-,-,,,,,,,,,,,,,,,,,,,,,,,,,
,06-16-2015,03:46:40, Lane 1 ,Fwd,FF,,14,2,59,,2,8.96,,,,,,,,,,,,,,,,,,,,,,,,8.96,-,,,,,,,,,,,,,,,,,,,,,,,,,-,-,,,,,,,,,,,,,,,,,,,,,,,,,
,06-16-2015,03:46:41, Lane 1 ,Fwd,FF,,15,3,68,,2,10.80,,,,,,,,,,,,,,,,,,,,,,,,10.80,-,,,,,,,,,,,,,,,,,,,,,,,,,-,-,,,,,,,,,,,,,,,,,,,,,,,,,
,06-16-2015,03:47:38, Lane 1 ,Fwd,FF,,16,2,63,,2,9.25,,,,,,,,,,,,,,,,,,,,,,,,9.25,-,,,,,,,,,,,,,,,,,,,,,,,,,-,-,,,,,,,,,,,,,,,,,,,,,,,,,
,06-16-2015,03:49:19, Lane 1 ,Fwd,FF,,17,2,68,,2,9.92,,,,,,,,,,,,,,,,,,,,,,,,9.92,-,,,,,,,,,,,,,,,,,,,,,,,,,-,-,,,,,,,,,,,,,,,,,,,,,,,,,
,06-16-2015,03:49:40, Lane 1 ,Fwd,FF,,18,2,64,,2,8.88,,,,,,,,,,,,,,,,,,,,,,,,8.88,-,,,,,,,,,,,,,,,,,,,,,,,,,-,-,,,,,,,,,,,,,,,,,,,,,,,,,
,06-16-2015,03:51:23, Lane 1 ,Fwd,FF,,19,3,63,,2,10.89,,,,,,,,,,,,,,,,,,,,,,,,10.89,-,,,,,,,,,,,,,,,,,,,,,,,,,-,-,,,,,,,,,,,,,,,,,,,,,,,,,
,06-16-2015,03:51:25, Lane 1 ,Fwd,FF,,20,2,63,,2,9.97,,,,,,,,,,,,,,,,,,,,,,,,9.97,-,,,,,,,,,,,,,,,,,,,,,,,,,-,-,,,,,,,,,,,,,,,,,,,,,,,,,
,06-16-2015,03:54:09, Lane 1 ,Fwd,FF,,21,2,66,,2,8.83,,,,,,,,,,,,,,,,,,,,,,,,8.83,-,,,,,,,,,,,,,,,,,,,,,,,,,-,-,,,,,,,,,,,,,,,,,,,,,,,,,
,06-16-2015,03:57:30, Lane 1 ,Fwd,FF,,22,2,53,,2,9.35,,,,,,,,,,,,,,,,,,,,,,,,9.35,-,,,,,,,,,,,,,,,,,,,,,,,,,-,-,,,,,,,,,,,,,,,,,,,,,,,,,
,06-16-2015,04:01:59, Lane 1 ,Fwd,FF,,1,9,64,,5,15.03,4.35,31.47,4.35,,,,,,,,,,,,,,,,,,,,,55.20,-,,,,,,,,,,,,,,,,,,,,,,,,,-,-,,,,,,,,,,,,,,,,,,,,,,,,,
,06-16-2015,04:02:28, Lane 1 ,Fwd,FF,,2,5,61,,2,13.42,,,,,,,,,,,,,,,,,,,,,,,,13.42,-,,,,,,,,,,,,,,,,,,,,,,,,,-,-,,,,,,,,,,,,,,,,,,,,,,,,,
,06-16-2015,04:02:52, Lane 1 ,Fwd,FF,,3,2,53,,2,8.81,,,,,,,,,,,,,,,,,,,,,,,,8.81,-,,,,,,,,,,,,,,,,,,,,,,,,,-,-,,,,,,,,,,,,,,,,,,,,,,,,,
,06-16-2015,04:03:44, Lane 1 ,Fwd,FF,,4,2,64,,2,8.79,,,,,,,,,,,,,,,,,,,,,,,,8.79,-,,,,,,,,,,,,,,,,,,,,,,,,,-,-,,,,,,,,,,,,,,,,,,,,,,,,,
,06-16-2015,04:04:08, Lane 1 ,Fwd,FF,,5,3,74,,2,11.68,,,,,,,,,,,,,,,,,,,,,,,,11.68,-,,,,,,,,,,,,,,,,,,,,,,,,,-,-,,,,,,,,,,,,,,,,,,,,,,,,,
,06-16-2015,04:06:12, Lane 1 ,Fwd,FF,,6,3,49,,2,10.28,,,,,,,,,,,,,,,,,,,,,,,,10.28,-,,,,,,,,,,,,,,,,,,,,,,,,,-,-,,,,,,,,,,,,,,,,,,,,,,,,,
,06-16-2015,04:07:22, Lane 1 ,Fwd,FF,,7,2,54,,2,9.16,,,,,,,,,,,,,,,,,,,,,,,,9.16,-,,,,,,,,,,,,,,,,,,,,,,,,,-,-,,,,,,,,,,,,,,,,,,,,,,,,,
,06-16-2015,04:08:07, Lane 1 ,Fwd,FF,,8,2,63,,2,8.89,,,,,,,,,,,,,,,,,,,,,,,,8.89,-,,,,,,,,,,,,,,,,,,,,,,,,,-,-,,,,,,,,,,,,,,,,,,,,,,,,,
,06-16-2015,04:09:24, Lane 1 ,Fwd,FF,,9,9,63,,5,17.04,4.40,19.88,4.40,,,,,,,,,,,,,,,,,,,,,45.72,-,,,,,,,,,,,,,,,,,,,,,,,,,-,-,,,,,,,,,,,,,,,,,,,,,,,,,
,06-16-2015,04:09:43, Lane 1 ,Fwd,FF,,10,2,54,,2,9.54,,,,,,,,,,,,,,,,,,,,,,,,9.54,-,,,,,,,,,,,,,,,,,,,,,,,,,-,-,,,,,,,,,,,,,,,,,,,,,,,,,
,06-16-2015,04:09:56, Lane 1 ,Fwd,FF,,11,2,63,,2,9.30,,,,,,,,,,,,,,,,,,,,,,,,9.30,-,,,,,,,,,,,,,,,,,,,,,,,,,-,-,,,,,,,,,,,,,,,,,,,,,,,,,
,06-16-2015,04:10:25, Lane 1 ,Fwd,FF,,12,4,56,,2,22.43,,,,,,,,,,,,,,,,,,,,,,,,22.43,-,,,,,,,,,,,,,,,,,,,,,,,,,-,-,,,,,,,,,,,,,,,,,,,,,,,,,
,06-16-2015,04:10:27, Lane 1 ,Fwd,FF,,13,4,56,,2,22.61,,,,,,,,,,,,,,,,,,,,,,,,22.61,-,,,,,,,,,,,,,,,,,,,,,,,,,-,-,,,,,,,,,,,,,,,,,,,,,,,,,
,06-16-2015,04:10:42, Lane 1 ,Fwd,FF,,14,2,53,,2,9.00,,,,,,,,,,,,,,,,,,,,,,,,9.00,-,,,,,,,,,,,,,,,,,,,,,,,,,-,-,,,,,,,,,,,,,,,,,,,,,,,,,
,06-16-2015,04:11:51, Lane 1 ,Fwd,FF,,15,2,55,,2,9.04,,,,,,,,,,,,,,,,,,,,,,,,9.04,-,,,,,,,,,,,,,,,,,,,,,,,,,-,-,,,,,,,,,,,,,,,,,,,,,,,,,
,06-16-2015,04:16:46, Lane 1 ,Fwd,FF,,16,2,66,,2,9.12,,,,,,,,,,,,,,,,,,,,,,,,9.12,-,,,,,,,,,,,,,,,,,,,,,,,,,-,-,,,,,,,,,,,,,,,,,,,,,,,,,
,06-16-2015,04:16:48, Lane 1 ,Fwd,FF,,17,2,63,,2,9.58,,,,,,,,,,,,,,,,,,,,,,,,9.58,-,,,,,,,,,,,,,,,,,,,,,,,,,-,-,,,,,,,,,,,,,,,,,,,,,,,,,
,06-16-2015,04:16:50, Lane 1 ,Fwd,FF,,18,2,63,,2,9.90,,,,,,,,,,,,,,,,,,,,,,,,9.90,-,,,,,,,,,,,,,,,,,,,,,,,,,-,-,,,,,,,,,,,,,,,,,,,,,,,,,
,06-16-2015,04:17:50, Lane 1 ,Fwd,FF,,19,3,59,,2,11.31,,,,,,,,,,,,,,,,,,,,,,,,11.31,-,,,,,,,,,,,,,,,,,,,,,,,,,-,-,,,,,,,,,,,,,,,,,,,,,,,,,
,06-16-2015,04:21:29, Lane 1 ,Fwd,FF,,20,2,54,,2,8.58,,,,,,,,,,,,,,,,,,,,,,,,8.58,-,,,,,,,,,,,,,,,,,,,,,,,,,-,-,,,,,,,,,,,,,,,,,,,,,,,,,
,06-16-2015,04:21:42, Lane 1 ,Fwd,FF,,21,2,52,,2,8.81,,,,,,,,,,,,,,,,,,,,,,,,8.81,-,,,,,,,,,,,,,,,,,,,,,,,,,-,-,,,,,,,,,,,,,,,,,,,,,,,,,
,06-16-2015,04:22:34, Lane 1 ,Fwd,FF,,22,2,57,,2,9.23,,,,,,,,,,,,,,,,,,,,,,,,9.23,-,,,,,,,,,,,,,,,,,,,,,,,,,-,-,,,,,,,,,,,,,,,,,,,,,,,,,
,06-16-2015,04:23:27, Lane 1 ,Fwd,FF,,23,2,60,,2,9.35,,,,,,,,,,,,,,,,,,,,,,,,9.35,-,,,,,,,,,,,,,,,,,,,,,,,,,-,-,,,,,,,,,,,,,,,,,,,,,,,,,
,06-16-2015,04:24:56, Lane 1 ,Fwd,FF,,24,2,57,,2,8.89,,,,,,,,,,,,,,,,,,,,,,,,8.89,-,,,,,,,,,,,,,,,,,,,,,,,,,-,-,,,,,,,,,,,,,,,,,,,,,,,,,
,06-16-2015,04:25:07, Lane 1 ,Fwd,FF,,25,2,57,,2,9.50,,,,,,,,,,,,,,,,,,,,,,,,9.50,-,,,,,,,,,,,,,,,,,,,,,,,,,-,-,,,,,,,,,,,,,,,,,,,,,,,,,
,06-16-2015,04:25:08, Lane 1 ,Fwd,FF,,26,2,56,,4,9.23,27.76,8.65,,,,,,,,,,,,,,,,,,,,,,45.64,-,,,,,,,,,,,,,,,,,,,,,,,,,-,-,,,,,,,,,,,,,,,,,,,,,,,,,
,06-16-2015,04:27:00, Lane 1 ,Fwd,FF,,27,2,53,,2,9.29,,,,,,,,,,,,,,,,,,,,,,,,9.29,-,,,,,,,,,,,,,,,,,,,,,,,,,-,-,,,,,,,,,,,,,,,,,,,,,,,,,
,06-16-2015,04:27:05, Lane 1 ,Fwd,FF,,28,3,55,,2,10.54,,,,,,,,,,,,,,,,,,,,,,,,10.54,-,,,,,,,,,,,,,,,,,,,,,,,,,-,-,,,,,,,,,,,,,,,,,,,,,,,,,
,06-16-2015,04:27:06, Lane 1 ,Fwd,FF,,29,2,55,,2,9.00,,,,,,,,,,,,,,,,,,,,,,,,9.00,-,,,,,,,,,,,,,,,,,,,,,,,,,-,-,,,,,,,,,,,,,,,,,,,,,,,,,
,06-16-2015,04:28:36, Lane 1 ,Fwd,FF,,30,2,64,,2,9.07,,,,,,,,,,,,,,,,,,,,,,,,9.07,-,,,,,,,,,,,,,,,,,,,,,,,,,-,-,,,,,,,,,,,,,,,,,,,,,,,,,
,06-16-2015,04:29:21, Lane 1 ,Fwd,FF,,31,2,63,,2,9.14,,,,,,,,,,,,,,,,,,,,,,,,9.14,-,,,,,,,,,,,,,,,,,,,,,,,,,-,-,,,,,,,,,,,,,,,,,,,,,,,,,
,06-16-2015,04:30:23, Lane 1 ,Fwd,FF,,32,2,57,,2,9.00,,,,,,,,,,,,,,,,,,,,,,,,9.00,-,,,,,,,,,,,,,,,,,,,,,,,,,-,-,,,,,,,,,,,,,,,,,,,,,,,,,
,06-16-2015,04:31:33, Lane 1 ,Fwd,FF,,33,2,59,,2,8.52,,,,,,,,,,,,,,,,,,,,,,,,8.52,-,,,,,,,,,,,,,,,,,,,,,,,,,-,-,,,,,,,,,,,,,,,,,,,,,,,,,
,06-16-2015,04:33:52, Lane 1 ,Fwd,FF,,34,2,65,,2,9.05,,,,,,,,,,,,,,,,,,,,,,,,9.05,-,,,,,,,,,,,,,,,,,,,,,,,,,-,-,,,,,,,,,,,,,,,,,,,,,,,,,
,06-16-2015,04:34:09, Lane 1 ,Fwd,FF,,35,3,54,,2,10.89,,,,,,,,,,,,,,,,,,,,,,,,10.89,-,,,,,,,,,,,,,,,,,,,,,,,,,-,-,,,,,,,,,,,,,,,,,,,,,,,,,
,06-16-2015,04:34:16, Lane 1 ,Fwd,FF,,36,2,54,,2,9.32,,,,,,,,,,,,,,,,,,,,,,,,9.32,-,,,,,,,,,,,,,,,,,,,,,,,,,-,-,,,,,,,,,,,,,,,,,,,,,,,,,
,06-16-2015,04:36:02, Lane 1 ,Fwd,FF,,37,2,51,,2,8.59,,,,,,,,,,,,,,,,,,,,,,,,8.59,-,,,,,,,,,,,,,,,,,,,,,,,,,-,-,,,,,,,,,,,,,,,,,,,,,,,,,
,06-16-2015,04:36:06, Lane 1 ,Fwd,FF,,38,2,56,,2,9.12,,,,,,,,,,,,,,,,,,,,,,,,9.12,-,,,,,,,,,,,,,,,,,,,,,,,,,-,-,,,,,,,,,,,,,,,,,,,,,,,,,
,06-16-2015,04:36:07, Lane 1 ,Fwd,FF,,39,2,56,,2,10.10,,,,,,,,,,,,,,,,,,,,,,,,10.10,-,,,,,,,,,,,,,,,,,,,,,,,,,-,-,,,,,,,,,,,,,,,,,,,,,,,,,
,06-16-2015,04:38:15, Lane 1 ,Fwd,FF,,40,2,59,,2,8.70,,,,,,,,,,,,,,,,,,,,,,,,8.70,-,,,,,,,,,,,,,,,,,,,,,,,,,-,-,,,,,,,,,,,,,,,,,,,,,,,,,
,06-16-2015,04:38:20, Lane 1 ,Fwd,FF,,41,2,63,,2,8.65,,,,,,,,,,,,,,,,,,,,,,,,8.65,-,,,,,,,,,,,,,,,,,,,,,,,,,-,-,,,,,,,,,,,,,,,,,,,,,,,,,
,06-16-2015,04:39:56, Lane 1 ,Fwd,FF,,42,3,56,,2,11.59,,,,,,,,,,,,,,,,,,,,,,,,11.59,-,,,,,,,,,,,,,,,,,,,,,,,,,-,-,,,,,,,,,,,,,,,,,,,,,,,,,
,06-16-2015,04:42:16, Lane 1 ,Fwd,FF,,43,2,58,,2,9.04,,,,,,,,,,,,,,,,,,,,,,,,9.04,-,,,,,,,,,,,,,,,,,,,,,,,,,-,-,,,,,,,,,,,,,,,,,,,,,,,,,
,06-16-2015,04:44:06, Lane 1 ,Fwd,FF,,44,3,63,,2,10.79,,,,,,,,,,,,,,,,,,,,,,,,10.79,-,,,,,,,,,,,,,,,,,,,,,,,,,-,-,,,,,,,,,,,,,,,,,,,,,,,,,
,06-16-2015,04:44:13, Lane 1 ,Fwd,FF,,45,2,66,,2,9.97,,,,,,,,,,,,,,,,,,,,,,,,9.97,-,,,,,,,,,,,,,,,,,,,,,,,,,-,-,,,,,,,,,,,,,,,,,,,,,,,,,
,06-16-2015,04:44:30, Lane 1 ,Fwd,FF,,46,2,55,,2,8.86,,,,,,,,,,,,,,,,,,,,,,,,8.86,-,,,,,,,,,,,,,,,,,,,,,,,,,-,-,,,,,,,,,,,,,,,,,,,,,,,,,
,06-16-2015,04:45:04, Lane 1 ,Fwd,FF,,47,3,60,,2,11.56,,,,,,,,,,,,,,,,,,,,,,,,11.56,-,,,,,,,,,,,,,,,,,,,,,,,,,-,-,,,,,,,,,,,,,,,,,,,,,,,,,
,06-16-2015,04:46:37, Lane 1 ,Fwd,FF,,48,2,57,,2,10.17,,,,,,,,,,,,,,,,,,,,,,,,10.17,-,,,,,,,,,,,,,,,,,,,,,,,,,-,-,,,,,,,,,,,,,,,,,,,,,,,,,
,06-16-2015,04:48:02, Lane 1 ,Fwd,FF,,49,2,52,,2,8.76,,,,,,,,,,,,,,,,,,,,,,,,8.76,-,,,,,,,,,,,,,,,,,,,,,,,,,-,-,,,,,,,,,,,,,,,,,,,,,,,,,
,06-16-2015,04:48:11, Lane 1 ,Fwd,FF,,50,2,59,,2,8.89,,,,,,,,,,,,,,,,,,,,,,,,8.89,-,,,,,,,,,,,,,,,,,,,,,,,,,-,-,,,,,,,,,,,,,,,,,,,,,,,,,
,06-16-2015,04:48:34, Lane 1 ,Fwd,FF,,51,3,63,,2,10.61,,,,,,,,,,,,,,,,,,,,,,,,10.61,-,,,,,,,,,,,,,,,,,,,,,,,,,-,-,,,,,,,,,,,,,,,,,,,,,,,,,
,06-16-2015,04:49:30, Lane 1 ,Fwd,FF,,52,3,60,,2,12.00,,,,,,,,,,,,,,,,,,,,,,,,12.00,-,,,,,,,,,,,,,,,,,,,,,,,,,-,-,,,,,,,,,,,,,,,,,,,,,,,,,
,06-16-2015,04:50:14, Lane 1 ,Fwd,FF,,53,2,63,,2,8.52,,,,,,,,,,,,,,,,,,,,,,,,8.52,-,,,,,,,,,,,,,,,,,,,,,,,,,-,-,,,,,,,,,,,,,,,,,,,,,,,,,
,06-16-2015,04:50:39, Lane 1 ,Fwd,FF,,54,2,58,,2,8.94,,,,,,,,,,,,,,,,,,,,,,,,8.94,-,,,,,,,,,,,,,,,,,,,,,,,,,-,-,,,,,,,,,,,,,,,,,,,,,,,,,
,06-16-2015,04:50:44, Lane 1 ,Fwd,FF,,55,2,58,,2,8.68,,,,,,,,,,,,,,,,,,,,,,,,8.68,-,,,,,,,,,,,,,,,,,,,,,,,,,-,-,,,,,,,,,,,,,,,,,,,,,,,,,
,06-16-2015,04:51:42, Lane 1 ,Fwd,FF,,56,9,55,,5,13.12,4.56,31.28,4.24,,,,,,,,,,,,,,,,,,,,,53.20,-,,,,,,,,,,,,,,,,,,,,,,,,,-,-,,,,,,,,,,,,,,,,,,,,,,,,,
,06-16-2015,04:51:44, Lane 1 ,Fwd,FF,,57,2,55,,2,9.00,,,,,,,,,,,,,,,,,,,,,,,,9.00,-,,,,,,,,,,,,,,,,,,,,,,,,,-,-,,,,,,,,,,,,,,,,,,,,,,,,,
,06-16-2015,04:52:39, Lane 1 ,Fwd,FF,,58,2,55,,2,9.28,,,,,,,,,,,,,,,,,,,,,,,,9.28,-,,,,,,,,,,,,,,,,,,,,,,,,,-,-,,,,,,,,,,,,,,,,,,,,,,,,,
,06-16-2015,04:52:44, Lane 1 ,Fwd,FF,,59,2,59,,2,8.61,,,,,,,,,,,,,,,,,,,,,,,,8.61,-,,,,,,,,,,,,,,,,,,,,,,,,,-,-,,,,,,,,,,,,,,,,,,,,,,,,,
,06-16-2015,04:53:04, Lane 1 ,Fwd,FF,,60,3,58,,2,11.40,,,,,,,,,,,,,,,,,,,,,,,,11.40,-,,,,,,,,,,,,,,,,,,,,,,,,,-,-,,,,,,,,,,,,,,,,,,,,,,,,,
,06-16-2015,04:53:10, Lane 1 ,Fwd,FF,,61,3,63,,2,12.00,,,,,,,,,,,,,,,,,,,,,,,,12.00,-,,,,,,,,,,,,,,,,,,,,,,,,,-,-,,,,,,,,,,,,,,,,,,,,,,,,,
,06-16-2015,04:53:45, Lane 1 ,Fwd,FF,,62,2,51,,2,8.80,,,,,,,,,,,,,,,,,,,,,,,,8.80,-,,,,,,,,,,,,,,,,,,,,,,,,,-,-,,,,,,,,,,,,,,,,,,,,,,,,,
,06-16-2015,04:53:52, Lane 1 ,Fwd,FF,,63,2,66,,2,8.93,,,,,,,,,,,,,,,,,,,,,,,,8.93,-,,,,,,,,,,,,,,,,,,,,,,,,,-,-,,,,,,,,,,,,,,,,,,,,,,,,,
,06-16-2015,04:53:58, Lane 1 ,Fwd,FF,,64,2,62,,2,9.20,,,,,,,,,,,,,,,,,,,,,,,,9.20,-,,,,,,,,,,,,,,,,,,,,,,,,,-,-,,,,,,,,,,,,,,,,,,,,,,,,,
,06-16-2015,04:54:11, Lane 1 ,Fwd,FF,,65,2,60,,2,9.09,,,,,,,,,,,,,,,,,,,,,,,,9.09,-,,,,,,,,,,,,,,,,,,,,,,,,,-,-,,,,,,,,,,,,,,,,,,,,,,,,,
,06-16-2015,04:54:43, Lane 1 ,Rev,FF,,66,3,42,,2,10.65,,,,,,,,,,,,,,,,,,,,,,,,10.65,-,,,,,,,,,,,,,,,,,,,,,,,,,-,-,,,,,,,,,,,,,,,,,,,,,,,,,
,06-16-2015,04:56:30, Lane 1 ,Fwd,FF,,67,2,60,,2,9.09,,,,,,,,,,,,,,,,,,,,,,,,9.09,-,,,,,,,,,,,,,,,,,,,,,,,,,-,-,,,,,,,,,,,,,,,,,,,,,,,,,
,06-16-2015,04:56:59, Lane 1 ,Fwd,FF,,68,2,45,,2,8.44,,,,,,,,,,,,,,,,,,,,,,,,8.44,-,,,,,,,,,,,,,,,,,,,,,,,,,-,-,,,,,,,,,,,,,,,,,,,,,,,,,
,06-16-2015,04:57:31, Lane 1 ,Fwd,FF,,69,9,57,,5,17.20,4.36,32.65,4.20,,,,,,,,,,,,,,,,,,,,,58.41,-,,,,,,,,,,,,,,,,,,,,,,,,,-,-,,,,,,,,,,,,,,,,,,,,,,,,,
,06-16-2015,04:57:37, Lane 1 ,Fwd,FF,,70,3,58,,2,12.17,,,,,,,,,,,,,,,,,,,,,,,,12.17,-,,,,,,,,,,,,,,,,,,,,,,,,,-,-,,,,,,,,,,,,,,,,,,,,,,,,,
,06-16-2015,04:58:45, Lane 1 ,Fwd,FF,,71,2,52,,2,9.34,,,,,,,,,,,,,,,,,,,,,,,,9.34,-,,,,,,,,,,,,,,,,,,,,,,,,,-,-,,,,,,,,,,,,,,,,,,,,,,,,,
,06-16-2015,04:58:49, Lane 1 ,Fwd,FF,,72,2,63,,2,8.84,,,,,,,,,,,,,,,,,,,,,,,,8.84,-,,,,,,,,,,,,,,,,,,,,,,,,,-,-,,,,,,,,,,,,,,,,,,,,,,,,,
,06-16-2015,04:59:05, Lane 1 ,Fwd,FF,,73,2,62,,2,9.27,,,,,,,,,,,,,,,,,,,,,,,,9.27,-,,,,,,,,,,,,,,,,,,,,,,,,,-,-,,,,,,,,,,,,,,,,,,,,,,,,,
,06-16-2015,04:59:08, Lane 1 ,Fwd,FF,,74,2,58,,2,10.03,,,,,,,,,,,,,,,,,,,,,,,,10.03,-,,,,,,,,,,,,,,,,,,,,,,,,,-,-,,,,,,,,,,,,,,,,,,,,,,,,,
,06-16-2015,04:59:38, Lane 1 ,Fwd,FF,,75,3,63,,2,12.74,,,,,,,,,,,,,,,,,,,,,,,,12.74,-,,,,,,,,,,,,,,,,,,,,,,,,,-,-,,,,,,,,,,,,,,,,,,,,,,,,,
,06-16-2015,04:59:43, Lane 1 ,Fwd,FF,,76,2,63,,2,8.68,,,,,,,,,,,,,,,,,,,,,,,,8.68,-,,,,,,,,,,,,,,,,,,,,,,,,,-,-,,,,,,,,,,,,,,,,,,,,,,,,,
,06-16-2015,05:00:36, Lane 1 ,Fwd,FF,,1,2,65,,2,8.67,,,,,,,,,,,,,,,,,,,,,,,,8.67,-,,,,,,,,,,,,,,,,,,,,,,,,,-,-,,,,,,,,,,,,,,,,,,,,,,,,,
,06-16-2015,05:00:40, Lane 1 ,Fwd,FF,,2,2,55,,2,8.94,,,,,,,,,,,,,,,,,,,,,,,,8.94,-,,,,,,,,,,,,,,,,,,,,,,,,,-,-,,,,,,,,,,,,,,,,,,,,,,,,,
,06-16-2015,05:00:41, Lane 1 ,Fwd,FF,,3,1,54,,2,5.33,,,,,,,,,,,,,,,,,,,,,,,,5.33,-,,,,,,,,,,,,,,,,,,,,,,,,,-,-,,,,,,,,,,,,,,,,,,,,,,,,,
,06-16-2015,05:00:49, Lane 1 ,Fwd,FF,,4,2,66,,2,9.03,,,,,,,,,,,,,,,,,,,,,,,,9.03,-,,,,,,,,,,,,,,,,,,,,,,,,,-,-,,,,,,,,,,,,,,,,,,,,,,,,,
,06-16-2015,05:01:21, Lane 1 ,Fwd,FF,,5,2,57,,2,9.90,,,,,,,,,,,,,,,,,,,,,,,,9.90,-,,,,,,,,,,,,,,,,,,,,,,,,,-,-,,,,,,,,,,,,,,,,,,,,,,,,,
,06-16-2015,05:01:31, Lane 1 ,Fwd,FF,,6,2,58,,2,8.66,,,,,,,,,,,,,,,,,,,,,,,,8.66,-,,,,,,,,,,,,,,,,,,,,,,,,,-,-,,,,,,,,,,,,,,,,,,,,,,,,,
,06-16-2015,05:02:49, Lane 1 ,Fwd,FF,,7,2,66,,2,9.31,,,,,,,,,,,,,,,,,,,,,,,,9.31,-,,,,,,,,,,,,,,,,,,,,,,,,,-,-,,,,,,,,,,,,,,,,,,,,,,,,,
,06-16-2015,05:06:24, Lane 1 ,Fwd,FF,,8,3,62,,2,12.00,,,,,,,,,,,,,,,,,,,,,,,,12.00,-,,,,,,,,,,,,,,,,,,,,,,,,,-,-,,,,,,,,,,,,,,,,,,,,,,,,,
,06-16-2015,05:06:29, Lane 1 ,Fwd,FF,,9,3,57,,2,10.92,,,,,,,,,,,,,,,,,,,,,,,,10.92,-,,,,,,,,,,,,,,,,,,,,,,,,,-,-,,,,,,,,,,,,,,,,,,,,,,,,,
,06-16-2015,05:06:47, Lane 1 ,Fwd,FF,,10,9,47,,5,16.07,4.34,31.87,4.07,,,,,,,,,,,,,,,,,,,,,56.35,-,,,,,,,,,,,,,,,,,,,,,,,,,-,-,,,,,,,,,,,,,,,,,,,,,,,,,
,06-16-2015,05:08:12, Lane 1 ,Fwd,FF,,11,2,62,,2,9.18,,,,,,,,,,,,,,,,,,,,,,,,9.18,-,,,,,,,,,,,,,,,,,,,,,,,,,-,-,,,,,,,,,,,,,,,,,,,,,,,,,
,06-16-2015,05:08:14, Lane 1 ,Fwd,FF,,12,2,60,,2,8.56,,,,,,,,,,,,,,,,,,,,,,,,8.56,-,,,,,,,,,,,,,,,,,,,,,,,,,-,-,,,,,,,,,,,,,,,,,,,,,,,,,
,06-16-2015,05:09:00, Lane 1 ,Fwd,FF,,13,3,59,,2,12.00,,,,,,,,,,,,,,,,,,,,,,,,12.00,-,,,,,,,,,,,,,,,,,,,,,,,,,-,-,,,,,,,,,,,,,,,,,,,,,,,,,
,06-16-2015,05:09:19, Lane 1 ,Fwd,FF,,14,9,60,,5,15.94,4.29,31.10,4.12,,,,,,,,,,,,,,,,,,,,,55.45,-,,,,,,,,,,,,,,,,,,,,,,,,,-,-,,,,,,,,,,,,,,,,,,,,,,,,,
,06-16-2015,05:09:45, Lane 1 ,Fwd,FF,,15,3,62,,2,11.19,,,,,,,,,,,,,,,,,,,,,,,,11.19,-,,,,,,,,,,,,,,,,,,,,,,,,,-,-,,,,,,,,,,,,,,,,,,,,,,,,,
,06-16-2015,05:11:03, Lane 1 ,Fwd,FF,,16,2,60,,2,9.46,,,,,,,,,,,,,,,,,,,,,,,,9.46,-,,,,,,,,,,,,,,,,,,,,,,,,,-,-,,,,,,,,,,,,,,,,,,,,,,,,,
,06-16-2015,05:11:20, Lane 1 ,Fwd,FF,,17,2,53,,2,8.92,,,,,,,,,,,,,,,,,,,,,,,,8.92,-,,,,,,,,,,,,,,,,,,,,,,,,,-,-,,,,,,,,,,,,,,,,,,,,,,,,,
,06-16-2015,05:11:22, Lane 1 ,Fwd,FF,,18,2,54,,2,9.81,,,,,,,,,,,,,,,,,,,,,,,,9.81,-,,,,,,,,,,,,,,,,,,,,,,,,,-,-,,,,,,,,,,,,,,,,,,,,,,,,,
,06-16-2015,05:11:43, Lane 1 ,Fwd,FF,,19,2,68,,2,9.20,,,,,,,,,,,,,,,,,,,,,,,,9.20,-,,,,,,,,,,,,,,,,,,,,,,,,,-,-,,,,,,,,,,,,,,,,,,,,,,,,,
,06-16-2015,05:12:34, Lane 1 ,Fwd,FF,,20,2,54,,2,9.41,,,,,,,,,,,,,,,,,,,,,,,,9.41,-,,,,,,,,,,,,,,,,,,,,,,,,,-,-,,,,,,,,,,,,,,,,,,,,,,,,,
,06-16-2015,05:12:36, Lane 1 ,Fwd,FF,,21,3,54,,2,10.50,,,,,,,,,,,,,,,,,,,,,,,,10.50,-,,,,,,,,,,,,,,,,,,,,,,,,,-,-,,,,,,,,,,,,,,,,,,,,,,,,,
,06-16-2015,05:12:37, Lane 1 ,Fwd,FF,,22,2,55,,2,8.96,,,,,,,,,,,,,,,,,,,,,,,,8.96,-,,,,,,,,,,,,,,,,,,,,,,,,,-,-,,,,,,,,,,,,,,,,,,,,,,,,,
,06-16-2015,05:14:46, Lane 1 ,Fwd,FF,,23,2,55,,2,9.18,,,,,,,,,,,,,,,,,,,,,,,,9.18,-,,,,,,,,,,,,,,,,,,,,,,,,,-,-,,,,,,,,,,,,,,,,,,,,,,,,,
,06-16-2015,05:15:46, Lane 1 ,Fwd,FF,,24,2,59,,2,9.24,,,,,,,,,,,,,,,,,,,,,,,,9.24,-,,,,,,,,,,,,,,,,,,,,,,,,,-,-,,,,,,,,,,,,,,,,,,,,,,,,,
,06-16-2015,05:17:41, Lane 1 ,Rev,FF,,25,2,58,,1,,,,,,,,,,,,,,,,,,,,,,,,,0.00,-,,,,,,,,,,,,,,,,,,,,,,,,,-,-,,,,,,,,,,,,,,,,,,,,,,,,,
,06-16-2015,05:19:05, Lane 1 ,Fwd,FF,,26,2,62,,2,9.73,,,,,,,,,,,,,,,,,,,,,,,,9.73,-,,,,,,,,,,,,,,,,,,,,,,,,,-,-,,,,,,,,,,,,,,,,,,,,,,,,,
,06-16-2015,05:19:21, Lane 1 ,Fwd,FF,,27,2,60,,2,9.37,,,,,,,,,,,,,,,,,,,,,,,,9.37,-,,,,,,,,,,,,,,,,,,,,,,,,,-,-,,,,,,,,,,,,,,,,,,,,,,,,,
,06-16-2015,05:19:47, Lane 1 ,Rev,FF,,28,9,55,,5,17.03,4.38,20.19,4.38,,,,,,,,,,,,,,,,,,,,,45.98,-,,,,,,,,,,,,,,,,,,,,,,,,,-,-,,,,,,,,,,,,,,,,,,,,,,,,,
,06-16-2015,05:20:02, Lane 1 ,Fwd,FF,,29,2,58,,2,9.13,,,,,,,,,,,,,,,,,,,,,,,,9.13,-,,,,,,,,,,,,,,,,,,,,,,,,,-,-,,,,,,,,,,,,,,,,,,,,,,,,,
,06-16-2015,05:20:54, Lane 1 ,Fwd,FF,,30,2,56,,2,8.88,,,,,,,,,,,,,,,,,,,,,,,,8.88,-,,,,,,,,,,,,,,,,,,,,,,,,,-,-,,,,,,,,,,,,,,,,,,,,,,,,,
,06-16-2015,05:22:07, Lane 1 ,Fwd,FF,,31,2,55,,2,9.26,,,,,,,,,,,,,,,,,,,,,,,,9.26,-,,,,,,,,,,,,,,,,,,,,,,,,,-,-,,,,,,,,,,,,,,,,,,,,,,,,,
,06-16-2015,05:22:16, Lane 1 ,Fwd,FF,,32,3,53,,2,12.00,,,,,,,,,,,,,,,,,,,,,,,,12.00,-,,,,,,,,,,,,,,,,,,,,,,,,,-,-,,,,,,,,,,,,,,,,,,,,,,,,,
,06-16-2015,05:23:22, Lane 1 ,Fwd,FF,,33,2,58,,2,9.45,,,,,,,,,,,,,,,,,,,,,,,,9.45,-,,,,,,,,,,,,,,,,,,,,,,,,,-,-,,,,,,,,,,,,,,,,,,,,,,,,,
,06-16-2015,05:24:02, Lane 1 ,Fwd,FF,,34,2,63,,2,9.16,,,,,,,,,,,,,,,,,,,,,,,,9.16,-,,,,,,,,,,,,,,,,,,,,,,,,,-,-,,,,,,,,,,,,,,,,,,,,,,,,,
,06-16-2015,05:24:09, Lane 1 ,Fwd,FF,,35,3,55,,2,11.52,,,,,,,,,,,,,,,,,,,,,,,,11.52,-,,,,,,,,,,,,,,,,,,,,,,,,,-,-,,,,,,,,,,,,,,,,,,,,,,,,,
,06-16-2015,05:24:10, Lane 1 ,Fwd,FF,,36,3,54,,2,11.53,,,,,,,,,,,,,,,,,,,,,,,,11.53,-,,,,,,,,,,,,,,,,,,,,,,,,,-,-,,,,,,,,,,,,,,,,,,,,,,,,,
,06-16-2015,05:24:17, Lane 1 ,Fwd,FF,,37,3,61,,2,10.85,,,,,,,,,,,,,,,,,,,,,,,,10.85,-,,,,,,,,,,,,,,,,,,,,,,,,,-,-,,,,,,,,,,,,,,,,,,,,,,,,,
,06-16-2015,05:25:13, Lane 1 ,Rev,FF,,38,2,58,,1,,,,,,,,,,,,,,,,,,,,,,,,,0.00,-,,,,,,,,,,,,,,,,,,,,,,,,,-,-,,,,,,,,,,,,,,,,,,,,,,,,,
,06-16-2015,05:25:41, Lane 1 ,Fwd,FF,,39,2,55,,2,8.84,,,,,,,,,,,,,,,,,,,,,,,,8.84,-,,,,,,,,,,,,,,,,,,,,,,,,,-,-,,,,,,,,,,,,,,,,,,,,,,,,,
,06-16-2015,05:25:42, Lane 1 ,Fwd,FF,,40,2,61,,2,8.89,,,,,,,,,,,,,,,,,,,,,,,,8.89,-,,,,,,,,,,,,,,,,,,,,,,,,,-,-,,,,,,,,,,,,,,,,,,,,,,,,,
,06-16-2015,05:25:56, Lane 1 ,Fwd,FF,,41,2,44,,2,8.62,,,,,,,,,,,,,,,,,,,,,,,,8.62,-,,,,,,,,,,,,,,,,,,,,,,,,,-,-,,,,,,,,,,,,,,,,,,,,,,,,,
,06-16-2015,05:25:57, Lane 1 ,Fwd,FF,,42,2,43,,2,9.06,,,,,,,,,,,,,,,,,,,,,,,,9.06,-,,,,,,,,,,,,,,,,,,,,,,,,,-,-,,,,,,,,,,,,,,,,,,,,,,,,,
,06-16-2015,05:26:57, Lane 1 ,Fwd,FF,,43,2,58,,2,9.38,,,,,,,,,,,,,,,,,,,,,,,,9.38,-,,,,,,,,,,,,,,,,,,,,,,,,,-,-,,,,,,,,,,,,,,,,,,,,,,,,,
,06-16-2015,05:28:01, Lane 1 ,Fwd,FF,,44,3,63,,2,12.09,,,,,,,,,,,,,,,,,,,,,,,,12.09,-,,,,,,,,,,,,,,,,,,,,,,,,,-,-,,,,,,,,,,,,,,,,,,,,,,,,,
,06-16-2015,05:28:07, Lane 1 ,Fwd,FF,,45,2,55,,2,8.51,,,,,,,,,,,,,,,,,,,,,,,,8.51,-,,,,,,,,,,,,,,,,,,,,,,,,,-,-,,,,,,,,,,,,,,,,,,,,,,,,,
,06-16-2015,05:28:30, Lane 1 ,Fwd,FF,,46,2,59,,2,9.50,,,,,,,,,,,,,,,,,,,,,,,,9.50,-,,,,,,,,,,,,,,,,,,,,,,,,,-,-,,,,,,,,,,,,,,,,,,,,,,,,,
,06-16-2015,05:28:46, Lane 1 ,Fwd,FF,,47,2,54,,2,8.21,,,,,,,,,,,,,,,,,,,,,,,,8.21,-,,,,,,,,,,,,,,,,,,,,,,,,,-,-,,,,,,,,,,,,,,,,,,,,,,,,,
,06-16-2015,05:29:14, Lane 1 ,Fwd,FF,,48,2,59,,2,10.00,,,,,,,,,,,,,,,,,,,,,,,,10.00,-,,,,,,,,,,,,,,,,,,,,,,,,,-,-,,,,,,,,,,,,,,,,,,,,,,,,,
,06-16-2015,05:29:32, Lane 1 ,Fwd,FF,,49,3,67,,2,12.89,,,,,,,,,,,,,,,,,,,,,,,,12.89,-,,,,,,,,,,,,,,,,,,,,,,,,,-,-,,,,,,,,,,,,,,,,,,,,,,,,,
,06-16-2015,05:31:02, Lane 1 ,Rev,FF,,50,9,48,,5,13.62,4.35,30.74,4.07,,,,,,,,,,,,,,,,,,,,,52.78,-,,,,,,,,,,,,,,,,,,,,,,,,,-,-,,,,,,,,,,,,,,,,,,,,,,,,,
,06-16-2015,05:31:04, Lane 1 ,Rev,FF,,51,1,46,,2,2.70,,,,,,,,,,,,,,,,,,,,,,,,2.70,-,,,,,,,,,,,,,,,,,,,,,,,,,-,-,,,,,,,,,,,,,,,,,,,,,,,,,
,06-16-2015,05:31:16, Lane 1 ,Fwd,FF,,52,2,52,,2,9.10,,,,,,,,,,,,,,,,,,,,,,,,9.10,-,,,,,,,,,,,,,,,,,,,,,,,,,-,-,,,,,,,,,,,,,,,,,,,,,,,,,
,06-16-2015,05:31:37, Lane 1 ,Fwd,FF,,53,2,63,,2,9.07,,,,,,,,,,,,,,,,,,,,,,,,9.07,-,,,,,,,,,,,,,,,,,,,,,,,,,-,-,,,,,,,,,,,,,,,,,,,,,,,,,
,06-16-2015,05:31:54, Lane 1 ,Fwd,FF,,54,2,56,,2,Invalid,,,,,,,,,,,,,,,,,,,,,,,,0.00,-,,,,,,,,,,,,,,,,,,,,,,,,,-,-,,,,,,,,,,,,,,,,,,,,,,,,,
,06-16-2015,05:31:58, Lane 1 ,Fwd,FF,,55,2,56,,1,,,,,,,,,,,,,,,,,,,,,,,,,0.00,-,,,,,,,,,,,,,,,,,,,,,,,,,-,-,,,,,,,,,,,,,,,,,,,,,,,,,
,06-16-2015,05:31:59, Lane 1 ,Fwd,FF,,56,2,56,,1,,,,,,,,,,,,,,,,,,,,,,,,,0.00,-,,,,,,,,,,,,,,,,,,,,,,,,,-,-,,,,,,,,,,,,,,,,,,,,,,,,,
,06-16-2015,05:32:00, Lane 1 ,Fwd,FF,,57,4,56,,2,20.82,,,,,,,,,,,,,,,,,,,,,,,,20.82,-,,,,,,,,,,,,,,,,,,,,,,,,,-,-,,,,,,,,,,,,,,,,,,,,,,,,,
,06-16-2015,05:32:50, Lane 1 ,Rev,FF,,58,1,56,,2,3.10,,,,,,,,,,,,,,,,,,,,,,,,3.10,-,,,,,,,,,,,,,,,,,,,,,,,,,-,-,,,,,,,,,,,,,,,,,,,,,,,,,
,06-16-2015,05:32:58, Lane 1 ,Fwd,FF,,59,2,56,,1,,,,,,,,,,,,,,,,,,,,,,,,,0.00,-,,,,,,,,,,,,,,,,,,,,,,,,,-,-,,,,,,,,,,,,,,,,,,,,,,,,,
,06-16-2015,05:33:06, Lane 1 ,Fwd,FF,,60,2,56,,1,,,,,,,,,,,,,,,,,,,,,,,,,0.00,-,,,,,,,,,,,,,,,,,,,,,,,,,-,-,,,,,,,,,,,,,,,,,,,,,,,,,
,06-16-2015,05:33:07, Lane 1 ,Fwd,FF,,61,2,56,,1,,,,,,,,,,,,,,,,,,,,,,,,,0.00,-,,,,,,,,,,,,,,,,,,,,,,,,,-,-,,,,,,,,,,,,,,,,,,,,,,,,,
,06-16-2015,05:33:09, Lane 1 ,Fwd,FF,,62,15,56,,>Range,,,,,,,,,,,,,,,,,,,,,,,,,0.00,-,,,,,,,,,,,,,,,,,,,,,,,,,-,-,,,,,,,,,,,,,,,,,,,,,,,,,0.000
,06-16-2015,05:33:10, Lane 1 ,Fwd,FF,,63,2,56,,1,,,,,,,,,,,,,,,,,,,,,,,,,0.00,-,,,,,,,,,,,,,,,,,,,,,,,,,-,-,,,,,,,,,,,,,,,,,,,,,,,,,
